prefix	as_path	timestamp	origin	prefix_id	prefix_block_id
0.0.0.0/0	{22742,3257}	1610340818	3257	0	0
1.0.0.0/24	{22742,13335}	1611186635	13335	1	1
1.0.4.0/22	{22742,6939,4826,38803}	1608040018	38803	2	2
1.0.4.0/24	{22742,6939,4826,38803}	1608040018	38803	3	3
1.0.5.0/24	{22742,6939,4826,38803}	1608040018	38803	4	4
1.0.6.0/24	{22742,6939,4826,38803}	1608040018	38803	5	5
1.0.7.0/24	{22742,6939,4826,38803}	1608040018	38803	6	6
1.0.16.0/24	{22742,3257,174,2519}	1610340791	2519	7	7
1.0.64.0/18	{22742,3257,2497,7670,18144}	1610340834	18144	8	8
1.0.128.0/17	{22742,6939,38040,23969}	1604610901	23969	9	9
1.0.128.0/18	{22742,6939,38040,23969}	1604610901	23969	10	10
1.0.128.0/19	{22742,6939,38040,23969}	1604610901	23969	11	11
1.0.128.0/24	{22742,3257,9002,38040,23969}	1611091709	23969	12	12
1.0.129.0/24	{22742,6939,4651,23969}	1607071179	23969	13	13
1.0.132.0/24	{22742,3257,9002,38040,23969}	1610813767	23969	14	14
1.0.133.0/24	{22742,3257,9002,38040,23969}	1610813767	23969	15	15
1.0.136.0/24	{22742,3257,9002,38040,23969}	1610813767	23969	16	16
1.0.137.0/24	{22742,3257,9002,38040,23969}	1611044512	23969	17	17
1.0.138.0/24	{22742,3257,9002,38040,23969}	1610813767	23969	18	18
1.0.139.0/24	{22742,3257,9002,38040,23969}	1610813767	23969	19	19
1.0.141.0/24	{22742,3257,9002,38040,23969}	1610813767	23969	20	20
1.0.144.0/20	{22742,6939,4651,23969}	1607071179	23969	21	21
1.0.160.0/19	{22742,6939,38040,23969}	1604610901	23969	22	22
1.0.160.0/22	{22742,6939,38040,23969}	1604610901	23969	23	23
1.0.164.0/24	{22742,3257,9002,38040,23969}	1611044512	23969	24	24
1.0.165.0/24	{22742,3257,9002,38040,23969}	1611091709	23969	25	25
1.0.166.0/24	{22742,3257,9002,38040,23969}	1611044512	23969	26	26
1.0.167.0/24	{22742,3257,9002,38040,23969}	1610813767	23969	27	27
1.0.168.0/22	{22742,6939,4651,23969}	1607071179	23969	28	28
1.0.172.0/22	{22742,6939,4651,23969}	1607071179	23969	29	29
1.0.192.0/18	{22742,6939,38040,23969}	1604610901	23969	30	30
1.0.192.0/19	{22742,6939,38040,23969}	1604610901	23969	31	31
1.0.192.0/24	{22742,3257,9002,38040,23969}	1610813767	23969	32	32
1.0.193.0/24	{22742,3257,9002,38040,23969}	1610813767	23969	33	33
1.0.194.0/24	{22742,3257,9002,38040,23969}	1610813767	23969	34	34
1.0.195.0/24	{22742,3257,9002,38040,23969}	1611044635	23969	35	35
1.0.196.0/24	{22742,3257,9002,38040,23969}	1611072475	23969	36	36
1.0.197.0/24	{22742,3257,9002,38040,23969}	1610813767	23969	37	37
1.0.198.0/24	{22742,3257,9002,38040,23969}	1610813767	23969	38	38
1.0.199.0/24	{22742,3257,9002,38040,23969}	1610813767	23969	39	39
1.0.200.0/24	{22742,3257,9002,38040,23969}	1611044512	23969	40	40
1.0.201.0/24	{22742,3257,1299,38040,23969}	1611328460	23969	41	41
1.0.204.0/24	{22742,3257,9002,38040,23969}	1610813767	23969	42	42
1.0.205.0/24	{22742,3257,9002,38040,23969}	1610813767	23969	43	43
1.0.206.0/24	{22742,3257,9002,38040,23969}	1610813767	23969	44	44
1.0.207.0/24	{22742,3257,9002,38040,23969}	1610813767	23969	45	45
1.0.208.0/23	{22742,3257,9002,38040,23969}	1610813767	23969	46	46
1.0.210.0/23	{22742,3257,9002,38040,23969}	1610813767	23969	47	47
1.0.212.0/23	{22742,3257,9002,38040,23969}	1610813767	23969	48	48
1.0.214.0/24	{22742,6939,4651,23969}	1610989087	23969	49	49
1.0.215.0/24	{22742,3257,9002,38040,23969}	1610813767	23969	50	50
1.0.216.0/24	{22742,3257,9002,38040,23969}	1611044512	23969	51	51
1.0.217.0/24	{22742,3257,9002,38040,23969}	1611044512	23969	52	52
1.0.218.0/24	{22742,3257,9002,38040,23969}	1611091709	23969	53	53
1.0.219.0/24	{22742,6939,4651,23969}	1611113605	23969	54	54
1.0.220.0/24	{22742,3257,9002,38040,23969}	1610813767	23969	55	55
1.0.221.0/24	{22742,6939,4651,23969}	1611187705	23969	56	56
1.0.224.0/19	{22742,6939,38040,23969}	1604610901	23969	57	57
1.0.240.0/21	{22742,6939,4651,23969}	1607071179	23969	58	58
1.0.248.0/21	{22742,6939,4651,23969}	1610989087	23969	59	59
1.1.1.0/24	{22742,13335}	1611186635	13335	60	60
1.1.8.0/24	{22742,3257,4134}	1610340907	4134	61	61
1.1.64.0/19	{22742,3257,174,2519}	1610340791	2519	62	62
1.1.96.0/24	{22742,3257,174,2519}	1610340791	2519	63	63
1.1.97.0/24	{22742,3257,174,2519}	1610340791	2519	64	64
1.1.98.0/24	{22742,3257,174,2519}	1610340791	2519	65	65
1.1.99.0/24	{22742,3257,174,2519}	1610340791	2519	66	66
1.1.100.0/24	{22742,3257,174,2519}	1610340791	2519	67	67
1.1.101.0/24	{22742,3257,174,2519}	1610340791	2519	68	68
1.1.102.0/24	{22742,3257,174,2519}	1610340791	2519	69	69
1.1.103.0/24	{22742,3257,174,2519}	1610340791	2519	70	70
1.1.104.0/24	{22742,3257,174,2519}	1610340791	2519	71	71
1.1.105.0/24	{22742,3257,174,2519}	1610340791	2519	72	72
1.1.106.0/24	{22742,3257,174,2519}	1610340791	2519	73	73
1.1.107.0/24	{22742,3257,174,2519}	1610340791	2519	74	74
1.1.108.0/24	{22742,3257,174,2519}	1610340791	2519	75	75
1.1.109.0/24	{22742,3257,174,2519}	1610340791	2519	76	76
1.1.110.0/24	{22742,3257,174,2519}	1610340791	2519	77	77
1.1.111.0/24	{22742,3257,174,2519}	1610340791	2519	78	78
1.1.112.0/24	{22742,3257,174,2519}	1610340791	2519	79	79
1.1.113.0/24	{22742,3257,174,2519}	1610340791	2519	80	80
1.1.114.0/24	{22742,3257,174,2519}	1610340791	2519	81	81
1.1.115.0/24	{22742,3257,174,2519}	1610340791	2519	82	82
1.1.116.0/24	{22742,3257,174,2519}	1610340791	2519	83	83
1.1.117.0/24	{22742,3257,174,2519}	1610340791	2519	84	84
1.1.118.0/24	{22742,3257,174,2519}	1610340791	2519	85	85
1.1.119.0/24	{22742,3257,174,2519}	1610340791	2519	86	86
1.1.120.0/24	{22742,3257,174,2519}	1610340791	2519	87	87
1.1.121.0/24	{22742,3257,174,2519}	1610340791	2519	88	88
1.1.122.0/24	{22742,3257,174,2519}	1610340791	2519	89	89
1.1.123.0/24	{22742,3257,174,2519}	1610340791	2519	90	90
1.1.124.0/24	{22742,3257,174,2519}	1610340791	2519	91	91
1.1.125.0/24	{22742,3257,174,2519}	1610340791	2519	92	92
1.1.126.0/24	{22742,3257,174,2519}	1610340791	2519	93	93
1.1.128.0/17	{22742,6939,38040,23969}	1604610901	23969	94	94
1.1.128.0/18	{22742,6939,38040,23969}	1604610901	23969	95	95
1.1.128.0/19	{22742,6939,38040,23969}	1604610901	23969	96	96
1.1.128.0/21	{22742,3257,58453,38040,23969}	1610893250	23969	97	97
1.1.136.0/24	{22742,3257,58453,38040,23969}	1610341008	23969	98	98
1.1.137.0/24	{22742,3257,58453,38040,23969}	1610341008	23969	99	99
1.1.138.0/24	{22742,3257,58453,38040,23969}	1610341008	23969	100	100
1.1.139.0/24	{22742,3257,58453,38040,23969}	1610341008	23969	101	101
1.1.140.0/24	{22742,6939,4651,23969}	1610989087	23969	102	102
1.1.141.0/24	{22742,3257,58453,38040,23969}	1610341008	23969	103	103
1.1.142.0/24	{22742,3257,58453,38040,23969}	1610341008	23969	104	104
1.1.143.0/24	{22742,3257,58453,38040,23969}	1610341008	23969	105	105
1.1.148.0/24	{22742,3257,58453,38040,23969}	1611091709	23969	106	106
1.1.149.0/24	{22742,3257,58453,38040,23969}	1611091709	23969	107	107
1.1.150.0/24	{22742,3257,58453,38040,23969}	1611091709	23969	108	108
1.1.151.0/24	{22742,3257,58453,38040,23969}	1611091709	23969	109	109
1.1.152.0/21	{22742,6939,4651,23969}	1607071179	23969	110	110
1.1.160.0/19	{22742,6939,38040,23969}	1604610901	23969	111	111
1.1.160.0/20	{22742,6939,4651,23969}	1611113574	23969	112	112
1.1.180.0/24	{22742,3257,58453,38040,23969}	1610340943	23969	113	113
1.1.181.0/24	{22742,3257,58453,38040,23969}	1610340943	23969	114	114
1.1.182.0/24	{22742,3257,58453,38040,23969}	1610340943	23969	115	115
1.1.183.0/24	{22742,3257,58453,38040,23969}	1610340943	23969	116	116
1.1.184.0/22	{22742,3257,58453,38040,23969}	1610893250	23969	117	117
1.1.188.0/24	{22742,3257,58453,38040,23969}	1610605416	23969	118	118
1.1.189.0/24	{22742,3257,58453,38040,23969}	1610341008	23969	119	119
1.1.190.0/23	{22742,3257,58453,38040,23969}	1610340783	23969	120	120
1.1.192.0/18	{22742,6939,38040,23969}	1604610901	23969	121	121
1.1.192.0/19	{22742,6939,38040,23969}	1604610901	23969	122	122
1.1.192.0/21	{22742,3257,58453,38040,23969}	1610893250	23969	123	123
1.1.200.0/21	{22742,3257,58453,38040,23969}	1610893250	23969	124	124
1.1.208.0/21	{22742,3257,58453,38040,23969}	1610893250	23969	125	125
1.1.216.0/24	{22742,3257,58453,38040,23969}	1610340943	23969	126	126
1.1.217.0/24	{22742,3257,58453,38040,23969}	1610340943	23969	127	127
1.1.218.0/24	{22742,3257,58453,38040,23969}	1610340561	23969	128	128
1.1.219.0/24	{22742,3257,58453,38040,23969}	1610340943	23969	129	129
1.1.220.0/24	{22742,3257,58453,38040,23969}	1610340943	23969	130	130
1.1.222.0/24	{22742,3257,58453,38040,23969}	1610340943	23969	131	131
1.1.223.0/24	{22742,3257,58453,38040,23969}	1610341008	23969	132	132
1.1.224.0/19	{22742,6939,38040,23969}	1604610901	23969	133	133
1.1.224.0/21	{22742,3257,58453,38040,23969}	1610893250	23969	134	134
1.1.232.0/21	{22742,3257,58453,38040,23969}	1610893250	23969	135	135
1.1.240.0/21	{22742,3257,58453,38040,23969}	1610893250	23969	136	136
1.1.248.0/24	{22742,3257,58453,38040,23969}	1610341008	23969	137	137
1.1.249.0/24	{22742,6939,4651,23969}	1611021988	23969	138	138
1.1.250.0/24	{22742,3257,58453,38040,23969}	1610341008	23969	139	139
1.1.251.0/24	{22742,6939,4651,23969}	1611319361	23969	140	140
1.1.252.0/24	{22742,3257,58453,38040,23969}	1610340783	23969	141	141
1.1.253.0/24	{22742,3257,58453,38040,23969}	1610341008	23969	142	142
1.1.254.0/24	{22742,3257,58453,38040,23969}	1610341008	23969	143	143
1.1.255.0/24	{22742,3257,58453,38040,23969}	1610341008	23969	144	144
1.2.4.0/24	{22742,3257,58453,58453,9808,24409}	1610340834	24409	145	145
1.2.128.0/17	{22742,6939,38040,23969}	1604610901	23969	146	146
1.2.128.0/18	{22742,6939,38040,23969}	1604610901	23969	147	147
1.2.128.0/20	{22742,6939,38040,23969}	1606700674	23969	148	148
1.2.144.0/20	{22742,6939,38040,23969}	1606700674	23969	149	149
1.2.160.0/24	{22742,3257,9002,38040,23969}	1611044512	23969	150	150
1.2.161.0/24	{22742,3257,9002,38040,23969}	1610813767	23969	151	151
1.2.162.0/24	{22742,3257,9002,38040,23969}	1610813767	23969	152	152
1.2.163.0/24	{22742,3257,9002,38040,23969}	1610813767	23969	153	153
1.2.164.0/24	{22742,3257,1299,38040,23969}	1611328460	23969	154	154
1.2.165.0/24	{22742,3257,1299,38040,23969}	1611328460	23969	155	155
1.2.166.0/24	{22742,3257,1299,38040,23969}	1611328460	23969	156	156
1.2.167.0/24	{22742,6939,4651,23969}	1610989087	23969	157	157
1.2.168.0/24	{22742,3257,9002,38040,23969}	1610813767	23969	158	158
1.2.170.0/24	{22742,6939,4651,23969}	1611113574	23969	159	159
1.2.171.0/24	{22742,3257,9002,38040,23969}	1610813767	23969	160	160
1.2.172.0/24	{22742,3257,9002,38040,23969}	1610813767	23969	161	161
1.2.173.0/24	{22742,6939,4651,23969}	1610989087	23969	162	162
1.2.174.0/24	{22742,6939,4651,23969}	1611113574	23969	163	163
1.2.175.0/24	{22742,3257,9002,38040,23969}	1610813767	23969	164	164
1.2.176.0/24	{22742,3257,9002,38040,23969}	1610813767	23969	165	165
1.2.177.0/24	{22742,3257,1299,38040,23969}	1611328460	23969	166	166
1.2.178.0/24	{22742,3257,1299,38040,23969}	1611328460	23969	167	167
1.2.179.0/24	{22742,3257,9002,38040,23969}	1610813767	23969	168	168
1.2.180.0/24	{22742,3257,9002,38040,23969}	1610813767	23969	169	169
1.2.181.0/24	{22742,3257,9002,38040,23969}	1610813767	23969	170	170
1.2.182.0/24	{22742,3257,9002,38040,23969}	1610813767	23969	171	171
1.2.183.0/24	{22742,3257,9002,38040,23969}	1610813767	23969	172	172
1.2.184.0/24	{22742,6939,4651,23969}	1611113574	23969	173	173
1.2.185.0/24	{22742,3257,1299,38040,23969}	1611328460	23969	174	174
1.2.186.0/24	{22742,6939,4651,23969}	1610989087	23969	175	175
1.2.188.0/23	{22742,3257,9002,38040,23969}	1610813767	23969	176	176
1.2.190.0/24	{22742,3257,9002,38040,23969}	1610813767	23969	177	177
1.2.191.0/24	{22742,3257,9002,38040,23969}	1611044512	23969	178	178
1.2.192.0/18	{22742,6939,38040,23969}	1604610901	23969	179	179
1.2.192.0/20	{22742,6939,4651,23969}	1611021988	23969	180	180
1.2.208.0/20	{22742,6939,38040,23969}	1604610901	23969	181	181
1.2.224.0/21	{22742,3257,2914,38040,23969}	1610893250	23969	182	182
1.2.232.0/22	{22742,6939,4651,23969}	1607071179	23969	183	183
1.2.236.0/24	{22742,3257,9002,38040,23969}	1610813767	23969	184	184
1.2.237.0/24	{22742,3257,9002,38040,23969}	1610813767	23969	185	185
1.2.238.0/24	{22742,6939,4651,23969}	1607071179	23969	186	186
1.2.239.0/24	{22742,6939,4651,23969}	1611113574	23969	187	187
1.2.240.0/21	{22742,6939,4651,23969}	1611021988	23969	188	188
1.2.248.0/24	{22742,3257,9002,38040,23969}	1610813767	23969	189	189
1.2.249.0/24	{22742,3257,9002,38040,23969}	1610813767	23969	190	190
1.2.250.0/24	{22742,3257,9002,38040,23969}	1610813767	23969	191	191
1.2.251.0/24	{22742,3257,9002,38040,23969}	1610813767	23969	192	192
1.2.253.0/24	{22742,3257,9002,38040,23969}	1610813767	23969	193	193
1.2.254.0/24	{22742,3257,9002,38040,23969}	1610813767	23969	194	194
1.2.255.0/24	{22742,3257,9002,38040,23969}	1610813767	23969	195	195
1.4.128.0/17	{22742,6939,38040,23969}	1604610901	23969	196	196
1.4.128.0/18	{22742,6939,38040,23969}	1604610901	23969	197	197
1.4.128.0/19	{22742,6939,38040,23969}	1604610901	23969	198	198
1.4.128.0/21	{22742,6939,38040,23969}	1606700674	23969	199	199
1.4.136.0/22	{22742,6939,38040,23969}	1604610901	23969	200	200
1.4.140.0/24	{22742,3257,9002,38040,23969}	1610813767	23969	201	201
1.4.141.0/24	{22742,3257,9002,38040,23969}	1610813767	23969	202	202
1.4.142.0/24	{22742,3257,9002,38040,23969}	1610813767	23969	203	203
1.4.143.0/24	{22742,3257,9002,38040,23969}	1610813767	23969	204	204
1.4.144.0/21	{22742,6939,38040,23969}	1604610901	23969	205	205
1.4.152.0/22	{22742,6939,38040,23969}	1604610901	23969	206	206
1.4.156.0/24	{22742,6939,4651,23969}	1610989087	23969	207	207
1.4.157.0/24	{22742,6939,4651,23969}	1607071179	23969	208	208
1.4.158.0/24	{22742,3257,9002,38040,23969}	1610813767	23969	209	209
1.4.160.0/20	{22742,6939,38040,23969}	1604610901	23969	210	210
1.4.176.0/20	{22742,6939,38040,23969}	1606700674	23969	211	211
1.4.192.0/18	{22742,6939,38040,23969}	1604610901	23969	212	212
1.4.192.0/19	{22742,6939,38040,23969}	1604610901	23969	213	213
1.4.196.0/24	{22742,3257,9002,38040,23969}	1610813767	23969	214	214
1.4.197.0/24	{22742,3257,9002,38040,23969}	1610813767	23969	215	215
1.4.198.0/24	{22742,3257,9002,38040,23969}	1610813767	23969	216	216
1.4.200.0/22	{22742,6939,38040,23969}	1604610901	23969	217	217
1.4.204.0/24	{22742,6939,4651,23969}	1610989087	23969	218	218
1.4.205.0/24	{22742,3257,9002,38040,23969}	1610813767	23969	219	219
1.4.206.0/24	{22742,3257,9002,38040,23969}	1610813767	23969	220	220
1.4.207.0/24	{22742,3257,9002,38040,23969}	1610813767	23969	221	221
1.4.208.0/24	{22742,3257,2914,4651,23969}	1611334446	23969	222	222
1.4.209.0/24	{22742,3257,9002,38040,23969}	1610813767	23969	223	223
1.4.210.0/24	{22742,3257,9002,38040,23969}	1611087791	23969	224	224
1.4.211.0/24	{22742,3257,9002,38040,23969}	1611087791	23969	225	225
1.4.212.0/24	{22742,3257,9002,38040,23969}	1610813767	23969	226	226
1.4.214.0/24	{22742,3257,9002,38040,23969}	1610813767	23969	227	227
1.4.216.0/24	{22742,3257,9002,38040,23969}	1610813767	23969	228	228
1.4.217.0/24	{22742,3257,9002,38040,23969}	1610813767	23969	229	229
1.4.218.0/24	{22742,3257,9002,38040,23969}	1610813767	23969	230	230
1.4.219.0/24	{22742,3257,9002,38040,23969}	1610813767	23969	231	231
1.4.220.0/24	{22742,3257,9002,38040,23969}	1610813767	23969	232	232
1.4.221.0/24	{22742,3257,9002,38040,23969}	1610813767	23969	233	233
1.4.222.0/24	{22742,3257,9002,38040,23969}	1610813767	23969	234	234
1.4.223.0/24	{22742,3257,9002,38040,23969}	1610813767	23969	235	235
1.4.224.0/20	{22742,6939,38040,23969}	1606700674	23969	236	236
1.4.240.0/21	{22742,6939,4651,23969}	1607071179	23969	237	237
1.4.248.0/23	{22742,3257,9002,38040,23969}	1610813767	23969	238	238
1.4.250.0/23	{22742,3257,9002,38040,23969}	1610813767	23969	239	239
1.4.252.0/22	{22742,6939,4651,23969}	1610989087	23969	240	240
1.5.0.0/16	{22742,3257,17676,4725}	1611174619	4725	241	241
1.6.0.0/22	{22742,3257,1299,9583}	1610340834	9583	242	242
1.6.1.0/24	{22742,3257,1299,9583}	1610340834	9583	243	243
1.6.4.0/22	{22742,3257,1299,9583}	1610340834	9583	244	244
1.6.6.0/24	{22742,3257,174,9583}	1610825560	9583	245	245
1.6.8.0/22	{22742,3257,1299,9583}	1610340834	9583	246	246
1.6.12.0/22	{22742,3257,1299,9583}	1610340834	9583	247	247
1.6.16.0/22	{22742,3257,1299,9583}	1610340834	9583	248	248
1.6.20.0/22	{22742,3257,1299,9583}	1610340834	9583	249	249
1.6.24.0/22	{22742,3257,1299,9583}	1610340834	9583	250	250
1.6.28.0/22	{22742,3257,2914,9583}	1610340888	9583	251	251
1.6.32.0/22	{22742,3257,1299,9583}	1610340834	9583	252	252
1.6.36.0/22	{22742,3257,1299,9583}	1610340834	9583	253	253
1.6.40.0/22	{22742,3257,1299,9583}	1610340834	9583	254	254
1.6.42.0/24	{22742,3257,6453,4755,9583}	1611227127	9583	255	255
1.6.44.0/22	{22742,3257,1299,9583}	1610340834	9583	256	256
1.6.46.0/24	{22742,3257,6453,4755,9583}	1611227127	9583	257	257
1.6.48.0/22	{22742,3257,1299,9583}	1610340834	9583	258	258
1.6.52.0/22	{22742,3257,1299,9583}	1610340834	9583	259	259
1.6.56.0/22	{22742,3257,1299,9583}	1610340834	9583	260	260
1.6.60.0/22	{22742,3257,1299,9583}	1610340834	9583	261	261
1.6.64.0/22	{22742,3257,2914,9583}	1610340888	9583	262	262
1.6.66.0/24	{22742,3257,1299,9583}	1610494806	9583	263	263
1.6.67.0/24	{22742,3257,1299,9583}	1610340834	9583	264	264
1.6.68.0/22	{22742,3257,1299,9583}	1610340834	9583	265	265
1.6.72.0/22	{22742,3257,1299,9583}	1610340834	9583	266	266
1.6.72.0/24	{22742,3257,1299,9583}	1610340834	9583	267	267
1.6.73.0/24	{22742,3257,3491,9583}	1610340972	9583	268	268
1.6.74.0/24	{22742,3257,3491,9583}	1610340972	9583	269	269
1.6.75.0/24	{22742,3257,1299,9583}	1610340834	9583	270	270
1.6.76.0/22	{22742,3257,2914,9583}	1610340888	9583	271	271
1.6.80.0/22	{22742,3257,1299,9583}	1610340834	9583	272	272
1.6.84.0/22	{22742,3257,1299,9583}	1610340834	9583	273	273
1.6.88.0/22	{22742,3257,1299,9583}	1610340834	9583	274	274
1.6.89.0/24	{22742,3257,1299,9583}	1610340834	9583	275	275
1.6.92.0/22	{22742,3257,1299,9583}	1610340834	9583	276	276
1.6.96.0/22	{22742,3257,1299,9583}	1610340834	9583	277	277
1.6.100.0/22	{22742,3257,1299,9583}	1610340834	9583	278	278
1.6.104.0/22	{22742,3257,1299,9583}	1610340834	9583	279	279
1.6.108.0/22	{22742,3257,1299,9583}	1610340834	9583	280	280
1.6.112.0/22	{22742,3257,1299,9583}	1610340834	9583	281	281
1.6.116.0/22	{22742,3257,1299,9583}	1610340834	9583	282	282
1.6.120.0/22	{22742,3257,1299,9583}	1610340834	9583	283	283
1.6.124.0/22	{22742,3257,1299,9583}	1610340834	9583	284	284
1.6.128.0/22	{22742,3257,1299,9583}	1610340834	9583	285	285
1.6.128.0/24	{22742,3257,2914,9583}	1610340888	9583	286	286
1.6.132.0/23	{22742,3257,1299,9583}	1610340834	9583	287	287
1.6.134.0/23	{22742,3257,1299,9583}	1610340834	9583	288	288
1.6.136.0/22	{22742,3257,1299,9583}	1610340834	9583	289	289
1.6.136.0/24	{22742,3257,1299,9583,132215}	1611283344	132215	290	290
1.6.138.0/24	{22742,3257,1299,9583}	1610340834	9583	291	291
1.6.139.0/24	{22742,3257,6453,4755,9583}	1611227127	9583	292	292
1.6.140.0/22	{22742,3257,1299,9583}	1610340834	9583	293	293
1.6.144.0/22	{22742,3257,1299,9583}	1610340834	9583	294	294
1.6.144.0/24	{22742,3257,6453,4755,9583}	1611227127	9583	295	295
1.6.146.0/24	{22742,3257,6453,4755,9583}	1611227127	9583	296	296
1.6.148.0/22	{22742,3257,1299,9583}	1610340834	9583	297	297
1.6.152.0/22	{22742,3257,1299,9583}	1610340834	9583	298	298
1.6.156.0/22	{22742,3257,1299,9583}	1610340834	9583	299	299
1.6.160.0/22	{22742,3257,1299,9583}	1610340834	9583	300	300
1.6.161.0/24	{22742,3257,1299,9583}	1610448436	9583	301	301
1.6.164.0/22	{22742,3257,3491,9583}	1610340972	9583	302	302
1.6.165.0/24	{22742,3257,3491,9583}	1610340972	9583	303	303
1.6.168.0/22	{22742,3257,1299,9583}	1610340834	9583	304	304
1.6.172.0/22	{22742,3257,1299,9583}	1610340834	9583	305	305
1.6.176.0/22	{22742,3257,1299,9583}	1610340834	9583	306	306
1.6.177.0/24	{22742,3257,1299,9583}	1610448436	9583	307	307
1.6.180.0/22	{22742,3257,2914,9583}	1610340888	9583	308	308
1.6.184.0/22	{22742,3257,1299,9583}	1610340834	9583	309	309
1.6.188.0/22	{22742,3257,1299,9583}	1610340834	9583	310	310
1.6.192.0/22	{22742,3257,3491,9583}	1610340972	9583	311	311
1.6.194.0/24	{22742,3257,1299,9583}	1610340738	9583	312	312
1.6.195.0/24	{22742,3257,2914,9583}	1610340736	9583	313	313
1.6.196.0/22	{22742,3257,2914,9583}	1610340888	9583	314	314
1.6.197.0/24	{22742,3257,1299,9583}	1610448436	9583	315	315
1.6.198.0/24	{22742,3257,1299,9583}	1610448436	9583	316	316
1.6.199.0/24	{22742,3257,174,9583}	1610340771	9583	317	317
1.6.200.0/22	{22742,3257,1299,9583}	1610340738	9583	318	318
1.6.200.0/24	{22742,3257,1299,9583}	1611042173	9583	319	319
1.6.201.0/24	{22742,3257,1299,9583}	1610825569	9583	320	320
1.6.204.0/22	{22742,3257,1299,9583}	1610340834	9583	321	321
1.6.208.0/22	{22742,3257,3491,9583}	1610340972	9583	322	322
1.6.212.0/22	{22742,3257,3491,9583}	1610340972	9583	323	323
1.6.212.0/24	{22742,3257,1299,9583}	1610340834	9583	324	324
1.6.216.0/22	{22742,3257,1299,9583}	1610340834	9583	325	325
1.6.220.0/22	{22742,3257,1299,9583}	1610340834	9583	326	326
1.6.226.0/24	{22742,3257,9498,55410,132215}	1611293926	132215	327	327
1.6.227.0/24	{22742,3257,9498,55410,132215}	1611293926	132215	328	328
1.6.228.0/22	{22742,3257,1299,9583}	1610340834	9583	329	329
1.6.228.0/24	{22742,3257,1299,9583,132215}	1611286016	132215	330	330
1.6.232.0/22	{22742,3257,3491,9583}	1610340972	9583	331	331
1.6.236.0/22	{22742,3257,1299,9583}	1610340738	9583	332	332
1.6.240.0/22	{22742,3257,1299,9583}	1610340738	9583	333	333
1.6.244.0/22	{22742,3257,1299,9583}	1610340834	9583	334	334
1.6.248.0/22	{22742,3257,1299,9583}	1610340834	9583	335	335
1.6.252.0/22	{22742,3257,1299,9583}	1610340834	9583	336	336
1.7.128.0/22	{22742,3257,1299,9583}	1610340834	9583	337	337
1.7.132.0/22	{22742,3257,1299,9583}	1610340834	9583	338	338
1.7.136.0/22	{22742,3257,1299,9583}	1610340914	9583	339	339
1.7.140.0/22	{22742,3257,2914,9583}	1610364112	9583	340	340
1.7.142.0/24	{22742,3257,1299,9583,132215}	1611283344	132215	341	341
1.7.143.0/24	{22742,3257,1299,9583}	1610340834	9583	342	342
1.7.144.0/22	{22742,3257,1299,9583}	1610340834	9583	343	343
1.7.148.0/22	{22742,3257,1299,9583}	1610340914	9583	344	344
1.7.151.0/24	{22742,3257,2914,9583,132215}	1610340809	132215	345	345
1.7.152.0/22	{22742,3257,1299,9583}	1610340834	9583	346	346
1.7.152.0/24	{22742,3257,3491,9583}	1610340972	9583	347	347
1.7.156.0/22	{22742,3257,1299,9583}	1610340834	9583	348	348
1.7.160.0/22	{22742,3257,1299,9583}	1610340834	9583	349	349
1.7.161.0/24	{22742,3257,1299,9583,132215}	1611063988	132215	350	350
1.7.162.0/24	{22742,3257,1299,9583,132215}	1611283344	132215	351	351
1.7.164.0/22	{22742,3257,1299,9583}	1610340834	9583	352	352
1.7.165.0/24	{22742,3257,2914,9583}	1610340888	9583	353	353
1.7.168.0/22	{22742,3257,1299,9583}	1610340834	9583	354	354
1.7.172.0/22	{22742,3257,2914,9583}	1610340736	9583	355	355
1.7.176.0/22	{22742,3257,2914,9583}	1610340888	9583	356	356
1.7.180.0/22	{22742,3257,1299,9583}	1610340834	9583	357	357
1.7.180.0/24	{22742,3257,2914,9583,132215}	1610340809	132215	358	358
1.7.184.0/22	{22742,3257,1299,9583}	1610340834	9583	359	359
1.7.188.0/22	{22742,3257,1299,9583}	1610340914	9583	360	360
1.7.192.0/22	{22742,3257,3491,9583}	1610340972	9583	361	361
1.7.196.0/22	{22742,3257,1299,9583}	1610522141	9583	362	362
1.7.200.0/24	{22742,3257,9498,132215}	1610340807	132215	363	363
1.7.201.0/24	{22742,3257,9498,132215}	1610340807	132215	364	364
1.7.202.0/24	{22742,3257,9498,132215}	1610340807	132215	365	365
1.7.203.0/24	{22742,3257,6453,4755}	1610340732	4755	366	366
1.7.204.0/22	{22742,3257,3491,9583}	1610340972	9583	367	367
1.7.208.0/22	{22742,3257,1299,9583}	1610340834	9583	368	368
1.7.212.0/22	{22742,3257,3491,9583}	1611247080	9583	369	369
1.7.216.0/22	{22742,3257,1299,9583}	1611286717	9583	370	370
1.7.220.0/22	{22742,3257,1299,9583}	1610340914	9583	371	371
1.7.224.0/22	{22742,3257,3491,9583}	1610340972	9583	372	372
1.7.228.0/22	{22742,3257,1299,9583}	1610340834	9583	373	373
1.7.232.0/22	{22742,3257,1299,9583}	1611301494	9583	374	374
1.7.236.0/22	{22742,3257,1299,9583}	1611301537	9583	375	375
1.7.240.0/22	{22742,3257,1299,9583}	1611301740	9583	376	376
1.8.1.0/24	{22742,3257,3491,7497,38345}	1611063632	38345	377	377
1.8.8.0/24	{22742,3257,3491,7497,38345}	1611063632	38345	378	378
1.9.0.0/16	{22742,6939,4788}	1604610901	4788	379	379
1.9.250.0/24	{22742,6939,4788}	1604610901	4788	380	380
1.10.128.0/17	{22742,6939,38040,23969}	1604610901	23969	381	381
1.10.128.0/24	{22742,3257,58453,38040,23969}	1610950362	23969	382	382
1.10.129.0/24	{22742,3257,58453,38040,23969}	1610341010	23969	383	383
1.10.131.0/24	{22742,3257,58453,38040,23969}	1610341008	23969	384	384
1.10.132.0/22	{22742,6939,38040,23969}	1604610901	23969	385	385
1.10.132.0/24	{22742,6939,4651,23969}	1611113574	23969	386	386
1.10.133.0/24	{22742,6939,38040,23969}	1604610901	23969	387	387
1.10.134.0/24	{22742,6939,38040,23969}	1604610901	23969	388	388
1.10.136.0/21	{22742,6939,38040,23969}	1604610901	23969	389	389
1.10.136.0/24	{22742,6939,38040,23969}	1604610901	23969	390	390
1.10.137.0/24	{22742,6939,38040,23969}	1604610901	23969	391	391
1.10.138.0/24	{22742,6939,38040,23969}	1604610901	23969	392	392
1.10.139.0/24	{22742,6939,38040,23969}	1604610901	23969	393	393
1.10.140.0/24	{22742,6939,4651,23969}	1610989087	23969	394	394
1.10.141.0/24	{22742,6939,4651,23969}	1611021986	23969	395	395
1.10.143.0/24	{22742,6939,4651,23969}	1610989087	23969	396	396
1.10.144.0/20	{22742,6939,38040,23969}	1604610901	23969	397	397
1.10.144.0/24	{22742,6939,38040,23969}	1604610901	23969	398	398
1.10.145.0/24	{22742,6939,38040,23969}	1604610901	23969	399	399
1.10.146.0/24	{22742,6939,38040,23969}	1604610901	23969	400	400
1.10.147.0/24	{22742,6939,38040,23969}	1609372291	23969	401	401
1.10.148.0/24	{22742,6939,38040,23969}	1604610901	23969	402	402
1.10.149.0/24	{22742,6939,38040,23969}	1604610901	23969	403	403
1.10.150.0/24	{22742,6939,38040,23969}	1611087793	23969	404	404
1.10.151.0/24	{22742,6939,4651,23969}	1610989087	23969	405	405
1.10.152.0/24	{22742,6939,38040,23969}	1604610901	23969	406	406
1.10.154.0/24	{22742,6939,38040,23969}	1604610901	23969	407	407
1.10.155.0/24	{22742,6939,38040,23969}	1604610901	23969	408	408
1.10.156.0/24	{22742,6939,38040,23969}	1604610901	23969	409	409
1.10.157.0/24	{22742,6939,38040,23969}	1604610901	23969	410	410
1.10.158.0/24	{22742,6939,38040,23969}	1604610901	23969	411	411
1.10.159.0/24	{22742,6939,38040,23969}	1604610901	23969	412	412
1.10.160.0/19	{22742,6939,38040,23969}	1604610901	23969	413	413
1.10.160.0/22	{22742,6939,38040,23969}	1604610901	23969	414	414
1.10.164.0/24	{22742,6939,4651,23969}	1610989087	23969	415	415
1.10.165.0/24	{22742,3257,58453,38040,23969}	1610341008	23969	416	416
1.10.166.0/24	{22742,3257,58453,38040,23969}	1610341008	23969	417	417
1.10.167.0/24	{22742,3257,58453,38040,23969}	1610341008	23969	418	418
1.10.168.0/24	{22742,6939,4651,23969}	1611021986	23969	419	419
1.10.169.0/24	{22742,3257,58453,38040,23969}	1610341008	23969	420	420
1.10.170.0/24	{22742,3257,58453,38040,23969}	1610341008	23969	421	421
1.10.171.0/24	{22742,3257,58453,38040,23969}	1610341008	23969	422	422
1.10.172.0/24	{22742,3257,58453,38040,23969}	1610341008	23969	423	423
1.10.173.0/24	{22742,3257,58453,38040,23969}	1610341008	23969	424	424
1.10.174.0/24	{22742,3257,58453,38040,23969}	1610341008	23969	425	425
1.10.175.0/24	{22742,3257,58453,38040,23969}	1611087791	23969	426	426
1.10.176.0/21	{22742,6939,38040,23969}	1604610901	23969	427	427
1.10.184.0/24	{22742,6939,4651,23969}	1607071179	23969	428	428
1.10.185.0/24	{22742,6939,4651,23969}	1610989087	23969	429	429
1.10.186.0/24	{22742,3257,58453,38040,23969}	1610340561	23969	430	430
1.10.187.0/24	{22742,6939,4651,23969}	1611021988	23969	431	431
1.10.188.0/24	{22742,6939,4651,23969}	1611021986	23969	432	432
1.10.189.0/24	{22742,6939,4651,23969}	1611133437	23969	433	433
1.10.190.0/24	{22742,3257,58453,38040,23969}	1610341008	23969	434	434
1.10.191.0/24	{22742,3257,58453,38040,23969}	1611087791	23969	435	435
1.10.192.0/24	{22742,3257,58453,38040,23969}	1610341008	23969	436	436
1.10.193.0/24	{22742,3257,58453,38040,23969}	1610340783	23969	437	437
1.10.194.0/24	{22742,3257,58453,38040,23969}	1610341008	23969	438	438
1.10.195.0/24	{22742,3257,58453,38040,23969}	1610341008	23969	439	439
1.10.196.0/24	{22742,3257,58453,38040,23969}	1610341008	23969	440	440
1.10.197.0/24	{22742,3257,58453,38040,23969}	1610341008	23969	441	441
1.10.198.0/24	{22742,3257,58453,38040,23969}	1610340783	23969	442	442
1.10.199.0/24	{22742,3257,58453,38040,23969}	1610340783	23969	443	443
1.10.200.0/24	{22742,3257,58453,38040,23969}	1610341010	23969	444	444
1.10.201.0/24	{22742,3257,58453,38040,23969}	1610340943	23969	445	445
1.10.202.0/24	{22742,3257,58453,38040,23969}	1610340783	23969	446	446
1.10.203.0/24	{22742,3257,58453,38040,23969}	1610340783	23969	447	447
1.10.204.0/24	{22742,3257,58453,38040,23969}	1610340783	23969	448	448
1.10.205.0/24	{22742,3257,58453,38040,23969}	1610340783	23969	449	449
1.10.206.0/24	{22742,3257,58453,38040,23969}	1610340783	23969	450	450
1.10.207.0/24	{22742,3257,58453,38040,23969}	1610341008	23969	451	451
1.10.208.0/24	{22742,3257,58453,38040,23969}	1610340783	23969	452	452
1.10.209.0/24	{22742,3257,58453,38040,23969}	1610340783	23969	453	453
1.10.210.0/24	{22742,3257,58453,38040,23969}	1610341008	23969	454	454
1.10.211.0/24	{22742,3257,58453,38040,23969}	1610340783	23969	455	455
1.10.213.0/24	{22742,3257,58453,38040,23969}	1610340783	23969	456	456
1.10.214.0/24	{22742,3257,58453,38040,23969}	1610340783	23969	457	457
1.10.215.0/24	{22742,3257,58453,38040,23969}	1610340783	23969	458	458
1.10.216.0/24	{22742,3257,58453,38040,23969}	1610340783	23969	459	459
1.10.217.0/24	{22742,3257,58453,38040,23969}	1610341008	23969	460	460
1.10.218.0/24	{22742,3257,58453,38040,23969}	1610341008	23969	461	461
1.10.219.0/24	{22742,3257,58453,38040,23969}	1610340830	23969	462	462
1.10.220.0/24	{22742,3257,58453,38040,23969}	1610340783	23969	463	463
1.10.221.0/24	{22742,3257,58453,38040,23969}	1610340783	23969	464	464
1.10.222.0/24	{22742,3257,58453,38040,23969}	1610340783	23969	465	465
1.10.223.0/24	{22742,3257,58453,38040,23969}	1610340783	23969	466	466
1.10.224.0/20	{22742,6939,38040,23969}	1604610901	23969	467	467
1.10.240.0/22	{22742,6939,38040,23969}	1604610901	23969	468	468
1.10.244.0/23	{22742,3257,58453,38040,23969}	1610341008	23969	469	469
1.10.246.0/24	{22742,3257,58453,38040,23969}	1610341008	23969	470	470
1.10.247.0/24	{22742,3257,58453,38040,23969}	1610340783	23969	471	471
1.10.248.0/24	{22742,3257,58453,38040,23969}	1610341008	23969	472	472
1.10.249.0/24	{22742,3257,58453,38040,23969}	1610341008	23969	473	473
1.10.250.0/24	{22742,3257,58453,38040,23969}	1610340783	23969	474	474
1.10.251.0/24	{22742,3257,58453,38040,23969}	1610341008	23969	475	475
1.10.252.0/24	{22742,3257,58453,38040,23969}	1610341008	23969	476	476
1.10.253.0/24	{22742,3257,58453,38040,23969}	1610341008	23969	477	477
1.10.254.0/24	{22742,3257,58453,38040,23969}	1610340561	23969	478	478
1.10.255.0/24	{22742,3257,58453,38040,23969}	1610340783	23969	479	479
1.11.0.0/21	{22742,3257,2914,3786,38091,18313}	1610340563	18313	480	480
1.11.24.0/21	{22742,3257,2914,3786,38091,18313}	1610340563	18313	481	481
1.11.40.0/21	{22742,3257,2914,3786,38091,18313}	1610340563	18313	482	482
1.11.56.0/21	{22742,3257,2914,3786,38091,18313}	1610340563	18313	483	483
1.11.64.0/21	{22742,3257,2914,3786,38091}	1610340840	38091	484	484
1.11.71.0/24	{22742,3257,2914,3786,38091,38091,38091,38091,38091,38091}	1610340728	38091	485	485
1.11.72.0/21	{22742,3257,2914,3786,38091}	1610340840	38091	486	486
1.11.80.0/21	{22742,3257,2914,3786,38091}	1610340840	38091	487	487
1.11.82.0/24	{22742,3257,2914,3786,38091,38091,38091,38091,38091,38091}	1610340728	38091	488	488
1.11.88.0/21	{22742,3257,2914,3786,38091}	1610340840	38091	489	489
1.11.92.0/23	{22742,3257,2914,9318,45996}	1610340871	45996	490	490
1.11.94.0/24	{22742,3257,2914,9318,45996}	1610340871	45996	491	491
1.11.96.0/22	{22742,3257,2914,3786,38091,38669}	1610340838	38669	492	492
1.11.100.0/22	{22742,3257,2914,3786,38091,38669}	1610340838	38669	493	493
1.11.104.0/22	{22742,3257,2914,3786,38091,38669}	1610340838	38669	494	494
1.11.108.0/22	{22742,3257,2914,3786,38091,38669}	1610340838	38669	495	495
1.11.112.0/22	{22742,3257,2914,3786,38091,38669}	1610340838	38669	496	496
1.11.116.0/22	{22742,3257,2914,3786,38091,38669}	1610340838	38669	497	497
1.11.120.0/22	{22742,3257,2914,3786,38091,38669}	1610340838	38669	498	498
1.11.124.0/22	{22742,3257,2914,3786,38091,38669}	1610340838	38669	499	499
1.11.128.0/17	{22742,3257,2914,3786,38091,17839}	1610340738	17839	500	500
1.11.230.0/24	{22742,3257,2914,3786,38091,38091,38091,38091,38091,38091,17839}	1610340870	17839	501	501
1.11.231.0/24	{22742,3257,2914,3786,38091,38091,38091,38091,38091,38091,17839}	1610340870	17839	502	502
1.12.0.0/14	{22742,3257,4134,58466,45090}	1610340921	45090	503	503
1.13.0.0/18	{22742,3257,4134,134756,45090}	1610340954	45090	504	504
1.13.64.0/18	{22742,3257,4134,134756,45090}	1610340954	45090	505	505
1.13.128.0/18	{22742,3257,4134,134756,45090}	1610340954	45090	506	506
1.13.192.0/18	{22742,3257,4134,134756,45090}	1610340954	45090	507	507
1.14.0.0/18	{22742,3257,4134,38283,45090}	1610340956	45090	508	508
1.14.64.0/18	{22742,3257,4134,38283,45090}	1610340956	45090	509	509
1.16.0.0/18	{22742,3257,2914,9318,45996}	1610340871	45996	510	510
1.18.116.0/24	{22742,6939,4766,4766,131098}	1604610901	131098	511	511
1.18.118.0/24	{22742,3257,1239,3786,131099}	1610340733	131099	512	512
1.18.119.0/24	{22742,3257,2914,9318,131100}	1610340857	131100	513	513
1.18.123.0/24	{22742,6939,4766,4766,9957,9286,23599}	1606155813	23599	514	514
1.18.125.0/24	{22742,3257,2914,9318,23599}	1610340853	23599	515	515
1.18.126.0/24	{22742,6939,4766,4766,23599}	1604610901	23599	516	516
1.18.128.0/24	{22742,3257,3491,7497,24151,23596}	1610340861	23596	517	517
1.18.129.0/24	{22742,3257,16735,22548,23596}	1610340836	23596	518	518
1.18.130.0/24	{22742,6939,4766,4766,23596}	1608715073	23596	519	519
1.18.132.0/24	{22742,6939,4766,4766,9858,23600}	1604610901	23600	520	520
1.18.133.0/24	{22742,3257,13237,8763,23600}	1610340875	23600	521	521
1.18.134.0/24	{22742,6939,4766,4766,23600}	1609162734	23600	522	522
1.20.0.0/16	{22742,6939,38040,23969}	1604610901	23969	523	523
1.20.0.0/24	{22742,6939,38040,131293,56120}	1605328389	56120	524	524
1.20.1.0/24	{22742,6939,38040,131293,56120}	1604610901	56120	525	525
1.20.2.0/24	{22742,6939,38040,131293,56120}	1605328389	56120	526	526
1.20.3.0/24	{22742,6939,38040,131293,56120}	1604610901	56120	527	527
1.20.4.0/22	{22742,6939,38040,131293,56120}	1605328389	56120	528	528
1.20.8.0/21	{22742,6939,38040,131293,56120}	1605328389	56120	529	529
1.20.16.0/20	{22742,6939,38040,131293,56120}	1605328389	56120	530	530
1.20.32.0/20	{22742,6939,38040,131293,56120}	1604610901	56120	531	531
1.20.48.0/21	{22742,6939,38040,131293,56120}	1604610901	56120	532	532
1.20.56.0/22	{22742,6939,38040,131293,56120}	1604610901	56120	533	533
1.20.80.0/24	{22742,3257,58453,38040,23969}	1610341008	23969	534	534
1.20.81.0/24	{22742,3257,58453,38040,23969}	1610341008	23969	535	535
1.20.82.0/24	{22742,6939,4651,23969}	1610989087	23969	536	536
1.20.83.0/24	{22742,3257,58453,38040,23969}	1610341008	23969	537	537
1.20.84.0/24	{22742,3257,58453,38040,23969}	1610340561	23969	538	538
1.20.85.0/24	{22742,3257,58453,38040,23969}	1610341008	23969	539	539
1.20.89.0/24	{22742,3257,58453,38040,23969}	1610341008	23969	540	540
1.20.90.0/24	{22742,3257,58453,38040,23969}	1610340830	23969	541	541
1.20.91.0/24	{22742,3257,58453,38040,23969}	1610341003	23969	542	542
1.20.92.0/24	{22742,3257,58453,38040,23969}	1610341008	23969	543	543
1.20.93.0/24	{22742,6939,4651,23969}	1610989087	23969	544	544
1.20.94.0/24	{22742,6939,4651,23969}	1611113574	23969	545	545
1.20.95.0/24	{22742,3257,58453,38040,23969}	1610341008	23969	546	546
1.20.96.0/22	{22742,6939,38040,23969}	1604610901	23969	547	547
1.20.96.0/24	{22742,6939,4651,23969}	1610989087	23969	548	548
1.20.97.0/24	{22742,6939,4651,23969}	1611139432	23969	549	549
1.20.98.0/24	{22742,6939,4651,23969}	1611021988	23969	550	550
1.20.99.0/24	{22742,6939,4651,23969}	1611133437	23969	551	551
1.20.100.0/22	{22742,6939,38040,23969}	1604610901	23969	552	552
1.20.100.0/24	{22742,6939,4651,23969}	1607071179	23969	553	553
1.20.101.0/24	{22742,3257,58453,38040,23969}	1610340943	23969	554	554
1.20.102.0/24	{22742,6939,4651,23969}	1611021988	23969	555	555
1.20.103.0/24	{22742,6939,4651,23969}	1611021988	23969	556	556
1.20.104.0/22	{22742,6939,38040,23969}	1604610901	23969	557	557
1.20.105.0/24	{22742,3257,58453,38040,23969}	1610340830	23969	558	558
1.20.107.0/24	{22742,3257,58453,38040,23969}	1610341008	23969	559	559
1.20.108.0/22	{22742,6939,38040,23969}	1604610901	23969	560	560
1.20.112.0/22	{22742,6939,38040,23969}	1604610901	23969	561	561
1.20.116.0/22	{22742,6939,38040,23969}	1604610901	23969	562	562
1.20.117.0/24	{22742,6939,38040,131293,56120}	1605328391	56120	563	563
1.20.119.0/24	{22742,6939,38040,131293,56120}	1604610901	56120	564	564
1.20.120.0/24	{22742,6939,38040,131293,56120}	1605328391	56120	565	565
1.20.121.0/24	{22742,6939,38040,131293,56120}	1604610901	56120	566	566
1.20.125.0/24	{22742,6939,38040,131293,56120}	1605328391	56120	567	567
1.20.126.0/24	{22742,6939,38040,131293,56120}	1604610901	56120	568	568
1.20.128.0/18	{22742,6939,38040,23969}	1604610901	23969	569	569
1.20.128.0/19	{22742,6939,38040,23969}	1604610901	23969	570	570
1.20.137.0/24	{22742,6939,4651,23969}	1604899053	23969	571	571
1.20.138.0/24	{22742,3257,9002,38040,23969}	1610813608	23969	572	572
1.20.139.0/24	{22742,3257,9002,38040,23969}	1610813608	23969	573	573
1.20.140.0/24	{22742,6939,4651,23969}	1611021988	23969	574	574
1.20.141.0/24	{22742,6939,4651,23969}	1611113574	23969	575	575
1.20.142.0/24	{22742,3257,9002,38040,23969}	1611087791	23969	576	576
1.20.143.0/24	{22742,3257,9002,38040,23969}	1610813608	23969	577	577
1.20.144.0/24	{22742,3257,9002,38040,23969}	1611087791	23969	578	578
1.20.145.0/24	{22742,3257,9002,38040,23969}	1610813608	23969	579	579
1.20.146.0/23	{22742,3257,6453,38040,23969}	1610685148	23969	580	580
1.20.149.0/24	{22742,6939,4651,23969}	1611021988	23969	581	581
1.20.150.0/24	{22742,6939,4651,23969}	1611113574	23969	582	582
1.20.151.0/24	{22742,6939,4651,23969}	1610989087	23969	583	583
1.20.152.0/24	{22742,3257,9002,38040,23969}	1611087791	23969	584	584
1.20.153.0/24	{22742,3257,9002,38040,23969}	1611087791	23969	585	585
1.20.154.0/24	{22742,6939,4651,23969}	1611113574	23969	586	586
1.20.155.0/24	{22742,6939,4651,23969}	1610989087	23969	587	587
1.20.156.0/24	{22742,6939,4651,23969}	1611021988	23969	588	588
1.20.157.0/24	{22742,6939,4651,23969}	1611021988	23969	589	589
1.20.158.0/24	{22742,3257,9002,38040,23969}	1611087791	23969	590	590
1.20.159.0/24	{22742,3257,9002,38040,23969}	1610813608	23969	591	591
1.20.160.0/19	{22742,6939,38040,23969}	1604610901	23969	592	592
1.20.160.0/24	{22742,3257,9002,38040,23969}	1610813608	23969	593	593
1.20.161.0/24	{22742,3257,9002,38040,23969}	1610813608	23969	594	594
1.20.162.0/24	{22742,3257,9002,38040,23969}	1610813608	23969	595	595
1.20.163.0/24	{22742,6939,4651,23969}	1611113574	23969	596	596
1.20.164.0/24	{22742,3257,9002,38040,23969}	1611087791	23969	597	597
1.20.165.0/24	{22742,6939,4651,23969}	1611113636	23969	598	598
1.20.166.0/23	{22742,3257,9002,38040,23969}	1611133414	23969	599	599
1.20.168.0/24	{22742,6939,4651,23969}	1610989087	23969	600	600
1.20.169.0/24	{22742,3257,9002,38040,23969}	1610813608	23969	601	601
1.20.170.0/24	{22742,3257,9002,38040,23969}	1611044635	23969	602	602
1.20.171.0/24	{22742,3257,9002,38040,23969}	1610813608	23969	603	603
1.20.172.0/22	{22742,6939,38040,23969}	1604610901	23969	604	604
1.20.176.0/24	{22742,6939,4651,23969}	1611113636	23969	605	605
1.20.177.0/24	{22742,3257,6453,38040,23969}	1610685148	23969	606	606
1.20.178.0/24	{22742,3257,9002,38040,23969}	1610813608	23969	607	607
1.20.179.0/24	{22742,3257,9002,38040,23969}	1610813608	23969	608	608
1.20.180.0/23	{22742,3257,9002,38040,23969}	1610813608	23969	609	609
1.20.182.0/24	{22742,3257,9002,38040,23969}	1610813608	23969	610	610
1.20.183.0/24	{22742,6939,4651,23969}	1610989087	23969	611	611
1.20.184.0/24	{22742,6939,4651,23969}	1611113636	23969	612	612
1.20.185.0/24	{22742,3257,9002,38040,23969}	1610813608	23969	613	613
1.20.186.0/23	{22742,3257,9002,38040,23969}	1610813608	23969	614	614
1.20.188.0/24	{22742,6939,4651,23969}	1611021986	23969	615	615
1.20.189.0/24	{22742,6939,4651,23969}	1611113574	23969	616	616
1.20.190.0/24	{22742,3257,9002,38040,23969}	1610813608	23969	617	617
1.20.191.0/24	{22742,6939,4651,23969}	1611113574	23969	618	618
1.20.192.0/18	{22742,6939,38040,23969}	1604610901	23969	619	619
1.20.192.0/19	{22742,6939,38040,23969}	1604610901	23969	620	620
1.20.192.0/24	{22742,3257,9002,38040,23969}	1610813608	23969	621	621
1.20.193.0/24	{22742,3257,9002,38040,23969}	1610813608	23969	622	622
1.20.194.0/24	{22742,3257,6453,38040,23969}	1610685148	23969	623	623
1.20.195.0/24	{22742,6939,4651,23969}	1611113636	23969	624	624
1.20.196.0/23	{22742,3257,9002,38040,23969}	1610813608	23969	625	625
1.20.198.0/24	{22742,6939,4651,23969}	1611139432	23969	626	626
1.20.199.0/24	{22742,6939,4651,23969}	1611113636	23969	627	627
1.20.200.0/24	{22742,3257,9002,38040,23969}	1610813608	23969	628	628
1.20.202.0/24	{22742,6939,4651,23969}	1611021988	23969	629	629
1.20.203.0/24	{22742,3257,9002,38040,23969}	1611044512	23969	630	630
1.20.204.0/24	{22742,6939,4651,23969}	1611139432	23969	631	631
1.20.205.0/24	{22742,3257,9002,38040,23969}	1610813608	23969	632	632
1.20.206.0/24	{22742,3257,9002,38040,23969}	1610813608	23969	633	633
1.20.207.0/24	{22742,3257,9002,38040,23969}	1610813608	23969	634	634
1.20.208.0/24	{22742,3257,9002,38040,23969}	1611044512	23969	635	635
1.20.209.0/24	{22742,3257,9002,38040,23969}	1610813608	23969	636	636
1.20.210.0/24	{22742,3257,9002,38040,23969}	1610813608	23969	637	637
1.20.211.0/24	{22742,3257,9002,38040,23969}	1610813608	23969	638	638
1.20.212.0/24	{22742,3257,9002,38040,23969}	1610813608	23969	639	639
1.20.213.0/24	{22742,3257,9002,38040,23969}	1611102372	23969	640	640
1.20.214.0/24	{22742,3257,9002,38040,23969}	1610813608	23969	641	641
1.20.215.0/24	{22742,6939,4651,23969}	1611113574	23969	642	642
1.20.216.0/24	{22742,6939,4651,23969}	1607071178	23969	643	643
1.20.217.0/24	{22742,6939,4651,23969}	1611021988	23969	644	644
1.20.218.0/24	{22742,6939,4651,23969}	1611113574	23969	645	645
1.20.219.0/24	{22742,6939,4651,23969}	1611113574	23969	646	646
1.20.220.0/24	{22742,6939,4651,23969}	1610989087	23969	647	647
1.20.222.0/24	{22742,6939,4651,23969}	1611113574	23969	648	648
1.20.224.0/19	{22742,6939,38040,23969}	1604610901	23969	649	649
1.20.224.0/24	{22742,3257,9002,38040,23969}	1610813608	23969	650	650
1.20.225.0/24	{22742,6939,4651,23969}	1611021988	23969	651	651
1.20.226.0/24	{22742,6939,4651,23969}	1607071179	23969	652	652
1.20.227.0/24	{22742,3257,9002,38040,23969}	1610813608	23969	653	653
1.20.229.0/24	{22742,3257,9002,38040,23969}	1610813608	23969	654	654
1.20.230.0/24	{22742,3257,9002,38040,23969}	1610813608	23969	655	655
1.20.231.0/24	{22742,6939,4651,23969}	1610989087	23969	656	656
1.20.232.0/24	{22742,3257,9002,38040,23969}	1610813608	23969	657	657
1.20.233.0/24	{22742,6939,4651,23969}	1610989087	23969	658	658
1.20.234.0/24	{22742,3257,9002,38040,23969}	1610813608	23969	659	659
1.20.235.0/24	{22742,3257,9002,38040,23969}	1610813608	23969	660	660
1.20.236.0/24	{22742,3257,9002,38040,23969}	1610813608	23969	661	661
1.20.237.0/24	{22742,3257,9002,38040,23969}	1610813608	23969	662	662
1.20.238.0/24	{22742,3257,9002,38040,23969}	1610813608	23969	663	663
1.20.239.0/24	{22742,6939,4651,23969}	1611113574	23969	664	664
1.20.240.0/24	{22742,3257,9002,38040,23969}	1611087791	23969	665	665
1.20.241.0/24	{22742,3257,9002,38040,23969}	1610813608	23969	666	666
1.20.242.0/24	{22742,6939,4651,23969}	1611113574	23969	667	667
1.20.243.0/24	{22742,3257,6453,38040,23969}	1610685148	23969	668	668
1.20.244.0/24	{22742,3257,9002,38040,23969}	1610813608	23969	669	669
1.20.245.0/24	{22742,3257,9002,38040,23969}	1610813608	23969	670	670
1.20.246.0/24	{22742,3257,9002,38040,23969}	1610813608	23969	671	671
1.20.247.0/24	{22742,3257,9002,38040,23969}	1610813608	23969	672	672
1.20.248.0/24	{22742,3257,9002,38040,23969}	1610813608	23969	673	673
1.20.249.0/24	{22742,3257,9002,38040,23969}	1610813608	23969	674	674
1.20.250.0/24	{22742,3257,6453,38040,23969}	1610685148	23969	675	675
1.20.251.0/24	{22742,3257,9002,38040,23969}	1610813608	23969	676	676
1.20.252.0/24	{22742,3257,9002,38040,23969}	1610813608	23969	677	677
1.20.253.0/24	{22742,3257,9002,38040,23969}	1610813608	23969	678	678
1.20.254.0/24	{22742,3257,9002,38040,23969}	1610813608	23969	679	679
1.20.255.0/24	{22742,3257,9002,38040,23969}	1610813608	23969	680	680
1.21.0.0/16	{22742,3257,174,2519}	1610340791	2519	681	681
1.22.3.0/24	{22742,3257,9498,45528,45528,45528,45528,45528}	1610340840	45528	682	682
1.22.4.0/24	{22742,3257,6453,4755,45528,45528,45528,45528,45528}	1610340750	45528	683	683
1.22.5.0/24	{22742,3257,9498,45528,45528,45528,45528,45528}	1610340840	45528	684	684
1.22.6.0/24	{22742,3257,9498,45528}	1610340877	45528	685	685
1.22.7.0/24	{22742,3257,9498,45528,45528,45528,45528,45528}	1610340840	45528	686	686
1.22.8.0/24	{22742,3257,6453,4755,45528,45528,45528,45528,45528}	1610340750	45528	687	687
1.22.9.0/24	{22742,3257,6453,4755,45528,45528,45528,45528,45528}	1610610585	45528	688	688
1.22.10.0/24	{22742,3257,9498,45528,45528,45528,45528,45528}	1610340912	45528	689	689
1.22.11.0/24	{22742,3257,6453,4755,45528,45528,45528,45528,45528}	1610610585	45528	690	690
1.22.12.0/24	{22742,3257,6453,4755,45528,45528,45528,45528,45528}	1610340750	45528	691	691
1.22.13.0/24	{22742,3257,9498,45528,45528,45528,45528,45528}	1610340912	45528	692	692
1.22.14.0/24	{22742,3257,9498,45528,45528,45528,45528,45528}	1610640161	45528	693	693
1.22.15.0/24	{22742,3257,6453,4755,45528,45528,45528,45528,45528}	1611107121	45528	694	694
1.22.16.0/22	{22742,3257,6453,4755,45528}	1610340765	45528	695	695
1.22.16.0/23	{22742,3257,6453,4755,45528}	1610340765	45528	696	696
1.22.16.0/24	{22742,3257,6453,4755,45528}	1610340765	45528	697	697
1.22.17.0/24	{22742,3257,6453,4755,45528}	1610340765	45528	698	698
1.22.18.0/23	{22742,3257,6453,4755,45528}	1610340765	45528	699	699
1.22.18.0/24	{22742,3257,6453,4755,45528}	1610340765	45528	700	700
1.22.19.0/24	{22742,3257,9498,45528}	1610340829	45528	701	701
1.22.20.0/24	{22742,3257,9498,45528,45528,45528,45528,45528}	1610340912	45528	702	702
1.22.24.0/23	{22742,3257,6453,4755,45528}	1610340765	45528	703	703
1.22.24.0/24	{22742,3257,6453,4755,45528}	1610340765	45528	704	704
1.22.25.0/24	{22742,3257,6453,4755,45528}	1610381179	45528	705	705
1.22.26.0/24	{22742,3257,6453,4755,45528,45528,45528,45528}	1610418721	45528	706	706
1.22.27.0/24	{22742,3257,9498,45528,45528,45528,45528,45528}	1610695488	45528	707	707
1.22.28.0/24	{22742,3257,9498,45528,45528,45528,45528,45528}	1610340840	45528	708	708
1.22.30.0/24	{22742,3257,9498,45528,45528,45528,45528,45528}	1611107121	45528	709	709
1.22.31.0/24	{22742,3257,9498,45528,45528,45528,45528,45528}	1611107121	45528	710	710
1.22.34.0/24	{22742,3257,9498,45528,45528,45528,45528}	1610340929	45528	711	711
1.22.35.0/24	{22742,3257,9498,45528,45528,45528,45528}	1610340929	45528	712	712
1.22.36.0/24	{22742,3257,9498,45528,45528,45528,45528,45528}	1611107121	45528	713	713
1.22.37.0/24	{22742,3257,9498,45528,45528,45528,45528,45528}	1610640161	45528	714	714
1.22.38.0/24	{22742,3257,6453,4755,45528}	1610340765	45528	715	715
1.22.39.0/24	{22742,3257,6453,4755,45528}	1611246429	45528	716	716
1.22.40.0/24	{22742,3257,9498,45528,45528,45528,45528,45528}	1610340912	45528	717	717
1.22.41.0/24	{22742,3257,9498,45528,45528,45528,45528,45528}	1610340912	45528	718	718
1.22.42.0/24	{22742,3257,9498,45528}	1610340832	45528	719	719
1.22.43.0/24	{22742,3257,6453,4755,45528,45528,45528,45528,45528}	1611107121	45528	720	720
1.22.44.0/24	{22742,3257,9498,45528,45528,45528,45528,45528}	1610340840	45528	721	721
1.22.45.0/24	{22742,3257,9498,45528,45528,45528,45528,45528}	1610340840	45528	722	722
1.22.46.0/24	{22742,3257,9498,45528,45528,45528,45528,45528}	1610340840	45528	723	723
1.22.47.0/24	{22742,3257,9498,45528}	1610340877	45528	724	724
1.22.48.0/24	{22742,3257,6453,4755,45528,45528,45528,45528,45528}	1610340750	45528	725	725
1.22.49.0/24	{22742,3257,6453,9498,45528,45528,45528,45528,45528}	1610340843	45528	726	726
1.22.50.0/24	{22742,3257,9498,45528,45528,45528,45528,45528}	1610340840	45528	727	727
1.22.52.0/24	{22742,3257,6453,4755,45528,45528,45528,45528,45528}	1610610585	45528	728	728
1.22.53.0/24	{22742,3257,6453,4755,45528,45528,45528,45528,45528}	1611107121	45528	729	729
1.22.54.0/24	{22742,3257,9498,45528,45528,45528,45528,45528}	1610340840	45528	730	730
1.22.55.0/24	{22742,3257,9498,45528,45528,45528,45528,45528}	1611106997	45528	731	731
1.22.57.0/24	{22742,3257,6453,4755,45528,45528,45528,45528,45528}	1610340750	45528	732	732
1.22.58.0/23	{22742,3257,9498,45528,45528,45528,45528,45528}	1611107005	45528	733	733
1.22.58.0/24	{22742,3257,9498,45528,45528,45528,45528,45528}	1610340912	45528	734	734
1.22.59.0/24	{22742,3257,9498,45528,45528,45528,45528,45528}	1610340912	45528	735	735
1.22.60.0/24	{22742,3257,9498,45528,45528,45528,45528,45528}	1610340912	45528	736	736
1.22.61.0/24	{22742,3257,9498,45528,45528,45528,45528,45528}	1610340912	45528	737	737
1.22.64.0/22	{22742,3257,6453,4755,45528,45528,45528,45528}	1610340736	45528	738	738
1.22.64.0/24	{22742,3257,6453,4755,45528,45528,45528,45528}	1610340736	45528	739	739
1.22.65.0/24	{22742,3257,6453,4755,45528,45528,45528,45528}	1610340736	45528	740	740
1.22.66.0/24	{22742,3257,6453,4755,45528,45528,45528,45528}	1610340736	45528	741	741
1.22.67.0/24	{22742,3257,6453,4755,45528,45528,45528,45528}	1610340736	45528	742	742
1.22.69.0/24	{22742,3257,6453,4755,45528,45528,45528,45528,45528}	1610340750	45528	743	743
1.22.72.0/24	{22742,3257,6453,4755,45528,45528,45528,45528,45528}	1610340750	45528	744	744
1.22.73.0/24	{22742,3257,9498,45528,45528,45528,45528,45528}	1610340912	45528	745	745
1.22.74.0/23	{22742,3257,6453,4755,45528,45528,45528,45528,45528}	1610340750	45528	746	746
1.22.74.0/24	{22742,3257,6453,4755,45528,45528,45528,45528,45528}	1610340750	45528	747	747
1.22.75.0/24	{22742,3257,6453,4755,45528,45528,45528,45528,45528}	1610340750	45528	748	748
1.22.77.0/24	{22742,3257,9498,45528,45528,45528,45528,45528}	1610340912	45528	749	749
1.22.78.0/24	{22742,3257,9498,45528,45528,45528,45528,45528}	1610340912	45528	750	750
1.22.79.0/24	{22742,3257,9498,45528,45528,45528,45528,45528}	1610340912	45528	751	751
1.22.80.0/24	{22742,3257,6453,4755,45528,45528,45528,45528,45528}	1610340750	45528	752	752
1.22.81.0/24	{22742,3257,6453,4755,45528,45528,45528,45528,45528}	1610340750	45528	753	753
1.22.82.0/24	{22742,3257,6453,4755,45528,45528,45528,45528,45528}	1610340750	45528	754	754
1.22.83.0/24	{22742,3257,6453,4755,45528,45528,45528,45528,45528}	1610340750	45528	755	755
1.22.88.0/23	{22742,3257,9498,45528,45528,45528,45528,45528}	1610537567	45528	756	756
1.22.88.0/24	{22742,3257,6453,4755,45528,45528,45528,45528,45528}	1611126283	45528	757	757
1.22.90.0/24	{22742,3257,6453,4755,45528,45528,45528,45528,45528}	1610340750	45528	758	758
1.22.91.0/24	{22742,3257,9498,45528,45528,45528,45528,45528}	1610640161	45528	759	759
1.22.92.0/24	{22742,3257,9498,45528,45528,45528,45528,45528}	1610340840	45528	760	760
1.22.93.0/24	{22742,3257,9498,45528}	1610877742	45528	761	761
1.22.94.0/24	{22742,3257,9498,45528}	1610902792	45528	762	762
1.22.95.0/24	{22742,3257,6453,4755,45528,45528,45528,45528,45528}	1610340750	45528	763	763
1.22.96.0/24	{22742,3257,6453,4755,45528,45528,45528,45528,45528}	1610340750	45528	764	764
1.22.97.0/24	{22742,3257,6453,4755,45528,45528,45528,45528,45528}	1610711884	45528	765	765
1.22.98.0/24	{22742,3257,9498,45528,45528,45528,45528,45528}	1610340840	45528	766	766
1.22.99.0/24	{22742,3257,6453,4755,45528}	1610340765	45528	767	767
1.22.100.0/24	{22742,3257,9498,45528,45528,45528,45528,45528}	1610340840	45528	768	768
1.22.101.0/24	{22742,3257,6453,4755,45528,45528,45528,45528,45528}	1610610585	45528	769	769
1.22.102.0/24	{22742,3257,9498,45528,45528,45528,45528,45528}	1610340840	45528	770	770
1.22.103.0/24	{22742,3257,6453,4755,45528,45528,45528,45528,45528}	1610340750	45528	771	771
1.22.104.0/24	{22742,3257,9498,45528}	1610340832	45528	772	772
1.22.105.0/24	{22742,3257,9498,45528}	1610783961	45528	773	773
1.22.106.0/24	{22742,3257,9498,45528,45528,45528,45528,45528}	1610640161	45528	774	774
1.22.107.0/24	{22742,3257,9498,45528,45528,45528,45528,45528}	1610640161	45528	775	775
1.22.112.0/23	{22742,3257,9498,45528}	1610340832	45528	776	776
1.22.112.0/24	{22742,3257,9498,45528}	1610340832	45528	777	777
1.22.113.0/24	{22742,3257,6453,4755,45528}	1610597052	45528	778	778
1.22.116.0/24	{22742,3257,9498,45528,45528,45528,45528,45528}	1610340840	45528	779	779
1.22.117.0/24	{22742,3257,9498,45528}	1611289513	45528	780	780
1.22.118.0/24	{22742,3257,9498,45528}	1610340832	45528	781	781
1.22.119.0/24	{22742,3257,9498,45528,45528,45528,45528,45528}	1610640161	45528	782	782
1.22.120.0/22	{22742,3257,9498,45528,45528,45528,45528,45528}	1610340912	45528	783	783
1.22.120.0/23	{22742,3257,6453,4755,45528}	1610340765	45528	784	784
1.22.120.0/24	{22742,3257,9498,45528,45528,45528,45528,45528}	1610340912	45528	785	785
1.22.122.0/24	{22742,3257,6453,4755,45528}	1610731361	45528	786	786
1.22.123.0/24	{22742,3257,6453,4755,45528}	1610340765	45528	787	787
1.22.124.0/24	{22742,3257,6453,4755,45528}	1610340765	45528	788	788
1.22.125.0/24	{22742,3257,6453,4755,45528}	1610340765	45528	789	789
1.22.126.0/24	{22742,3257,9498,9730,45528,45528,45528,45528}	1610340914	45528	790	790
1.22.127.0/24	{22742,3257,9498,45528,45528,45528,45528,45528}	1610340912	45528	791	791
1.22.132.0/23	{22742,3257,9498,45528,45528,45528,45528,45528}	1611107005	45528	792	792
1.22.132.0/24	{22742,3257,6453,4755,45528}	1610340765	45528	793	793
1.22.133.0/24	{22742,3257,9498,45528,45528,45528,45528,45528}	1610340912	45528	794	794
1.22.134.0/24	{22742,3257,9498,45528}	1610340829	45528	795	795
1.22.135.0/24	{22742,3257,9498,45528,45528,45528,45528,45528}	1610340912	45528	796	796
1.22.136.0/24	{22742,3257,9498,45528}	1610340829	45528	797	797
1.22.137.0/24	{22742,3257,9498,45528}	1610340832	45528	798	798
1.22.138.0/24	{22742,3257,6453,4755,45528,45528,45528,45528,45528}	1610798158	45528	799	799
1.22.139.0/24	{22742,3257,9498,45528}	1610340535	45528	800	800
1.22.140.0/24	{22742,3257,9498,45528}	1610340832	45528	801	801
1.22.145.0/24	{22742,3257,6453,9498,45528,45528,45528,45528,45528}	1610340843	45528	802	802
1.22.146.0/23	{22742,3257,6453,4755,45528,45528,45528,45528,45528}	1610340750	45528	803	803
1.22.146.0/24	{22742,3257,6453,4755,45528,45528,45528,45528,45528}	1610340750	45528	804	804
1.22.147.0/24	{22742,3257,6453,4755,45528,45528,45528,45528,45528}	1610340750	45528	805	805
1.22.148.0/23	{22742,3257,6453,4755,45528,45528,45528,45528,45528}	1610340750	45528	806	806
1.22.148.0/24	{22742,3257,6453,4755,45528,45528,45528,45528,45528}	1610340750	45528	807	807
1.22.149.0/24	{22742,3257,6453,4755,45528,45528,45528,45528,45528}	1610340750	45528	808	808
1.22.150.0/23	{22742,3257,6453,4755,45528,45528,45528,45528,45528}	1610340750	45528	809	809
1.22.150.0/24	{22742,3257,6453,4755,45528,45528,45528,45528,45528}	1610340750	45528	810	810
1.22.151.0/24	{22742,3257,6453,4755,45528,45528,45528,45528,45528}	1610340750	45528	811	811
1.22.152.0/24	{22742,3257,6453,4755,45528,45528,45528,45528}	1610340736	45528	812	812
1.22.153.0/24	{22742,3257,9498,45528,45528,45528,45528,45528}	1610340840	45528	813	813
1.22.154.0/24	{22742,3257,9498,9730,45528,45528,45528,45528}	1610340914	45528	814	814
1.22.155.0/24	{22742,3257,9498,45528,45528,45528,45528,45528}	1610340912	45528	815	815
1.22.156.0/24	{22742,3257,9498,45528,45528,45528,45528,45528}	1610640161	45528	816	816
1.22.157.0/24	{22742,3257,6453,4755,45528,45528,45528,45528,45528}	1610340750	45528	817	817
1.22.158.0/24	{22742,3257,6453,4755,45528,45528,45528,45528,45528}	1610340750	45528	818	818
1.22.159.0/24	{22742,3257,9498,45528,45528,45528,45528,45528}	1610640161	45528	819	819
1.22.160.0/24	{22742,3257,6453,4755,45528,45528,45528,45528,45528}	1610340750	45528	820	820
1.22.161.0/24	{22742,3257,9498,45528,45528,45528,45528,45528}	1610537567	45528	821	821
1.22.163.0/24	{22742,3257,9498,45528,45528,45528,45528,45528}	1610537567	45528	822	822
1.22.164.0/24	{22742,3257,6453,4755,45528,45528,45528,45528,45528}	1610340750	45528	823	823
1.22.165.0/24	{22742,3257,6453,4755,45528,45528,45528,45528,45528}	1610340750	45528	824	824
1.22.166.0/24	{22742,3257,6453,4755,45528,45528,45528,45528,45528}	1610340750	45528	825	825
1.22.167.0/24	{22742,3257,6453,4755,45528,45528,45528,45528,45528}	1610340750	45528	826	826
1.22.170.0/24	{22742,3257,6453,4755,45528}	1610340765	45528	827	827
1.22.171.0/24	{22742,3257,9498,45528}	1610340832	45528	828	828
1.22.172.0/24	{22742,3257,9498,45528,45528,45528,45528,45528}	1610340840	45528	829	829
1.22.173.0/24	{22742,3257,9498,45528,45528,45528,45528,45528}	1610340912	45528	830	830
1.22.176.0/24	{22742,3257,9498,45528,45528,45528,45528,45528}	1610640161	45528	831	831
1.22.177.0/24	{22742,3257,9498,45528,45528,45528,45528,45528}	1610640161	45528	832	832
1.22.178.0/24	{22742,3257,9498,45528}	1610340832	45528	833	833
1.22.179.0/24	{22742,3257,9498,9730,45528}	1610340929	45528	834	834
1.22.180.0/24	{22742,3257,9498,45528,45528,45528,45528,45528}	1610340912	45528	835	835
1.22.181.0/24	{22742,3257,6453,4755,45528}	1610340765	45528	836	836
1.22.182.0/24	{22742,3257,6453,4755,45528,45528,45528,45528}	1610340736	45528	837	837
1.22.183.0/24	{22742,3257,6453,4755,45528,45528,45528,45528,45528}	1610340750	45528	838	838
1.22.184.0/23	{22742,3257,9498,45528}	1611229363	45528	839	839
1.22.184.0/24	{22742,3257,6453,4755,45528}	1610340765	45528	840	840
1.22.185.0/24	{22742,3257,9498,45528}	1611229363	45528	841	841
1.22.186.0/23	{22742,3257,6453,4755,45528,45528,45528,45528,45528}	1610340750	45528	842	842
1.22.186.0/24	{22742,3257,9498,45528,45528,45528,45528,45528}	1610340912	45528	843	843
1.22.187.0/24	{22742,3257,6453,4755,45528,45528,45528,45528,45528}	1610340750	45528	844	844
1.22.188.0/24	{22742,3257,9498,45528}	1611229363	45528	845	845
1.22.189.0/24	{22742,3257,9498,45528}	1611229363	45528	846	846
1.22.192.0/23	{22742,3257,9498,9730,45528}	1610340929	45528	847	847
1.22.192.0/24	{22742,3257,9498,9730,45528}	1610340929	45528	848	848
1.22.193.0/24	{22742,3257,9498,9730,45528}	1610340929	45528	849	849
1.22.194.0/23	{22742,3257,9498,45528,45528,45528,45528,45528}	1610537567	45528	850	850
1.22.194.0/24	{22742,3257,6453,4755,45528,45528,45528,45528,45528}	1610803661	45528	851	851
1.22.195.0/24	{22742,3257,6453,4755,45528,45528,45528,45528,45528}	1611126638	45528	852	852
1.22.196.0/24	{22742,3257,9498,45528,45528,45528,45528,45528}	1610340840	45528	853	853
1.22.197.0/24	{22742,3257,6453,4755,45528,45528,45528,45528,45528}	1610340750	45528	854	854
1.22.198.0/24	{22742,3257,9498,45528}	1610340829	45528	855	855
1.22.199.0/24	{22742,3257,9498,45528,45528,45528,45528,45528}	1610537567	45528	856	856
1.22.200.0/23	{22742,3257,9498,45528,45528,45528,45528}	1610340929	45528	857	857
1.22.200.0/24	{22742,3257,6453,4755,45528,45528,45528,45528}	1610340736	45528	858	858
1.22.201.0/24	{22742,3257,9498,45528,45528,45528,45528}	1610340929	45528	859	859
1.22.206.0/24	{22742,3257,9498,45528,45528,45528,45528}	1610340929	45528	860	860
1.22.207.0/24	{22742,3257,9498,45528,45528,45528,45528}	1610340929	45528	861	861
1.22.208.0/23	{22742,3257,9498,45528}	1610340832	45528	862	862
1.22.208.0/24	{22742,3257,9498,45528}	1610340832	45528	863	863
1.22.209.0/24	{22742,3257,9498,45528}	1610340832	45528	864	864
1.22.210.0/24	{22742,3257,9498,45528}	1610340832	45528	865	865
1.22.214.0/24	{22742,3257,9498,45528}	1610340535	45528	866	866
1.22.215.0/24	{22742,3257,9498,45528}	1610340832	45528	867	867
1.22.228.0/24	{22742,3257,6453,4755,45528,45528,45528,45528,45528}	1610340750	45528	868	868
1.22.229.0/24	{22742,3257,9498,45528}	1610340832	45528	869	869
1.22.230.0/24	{22742,3257,6453,4755,45528,45528,45528,45528,45528}	1610340750	45528	870	870
1.22.231.0/24	{22742,3257,9498,45528,45528,45528,45528,45528}	1610340840	45528	871	871
1.22.232.0/23	{22742,3257,9498,45528,45528,45528,45528,45528}	1610340840	45528	872	872
1.22.232.0/24	{22742,3257,9498,45528,45528,45528,45528,45528}	1611164363	45528	873	873
1.22.233.0/24	{22742,3257,6453,4755,45528,45528,45528,45528,45528}	1611120753	45528	874	874
1.22.234.0/24	{22742,3257,6453,4755,45528,45528,45528,45528,45528}	1610340750	45528	875	875
1.22.235.0/24	{22742,3257,9498,45528}	1610340832	45528	876	876
1.22.240.0/23	{22742,3257,9498,45528}	1610768849	45528	877	877
1.22.240.0/24	{22742,3257,9498,45528}	1610768849	45528	878	878
1.22.241.0/24	{22742,3257,9498,45528}	1610768849	45528	879	879
1.22.242.0/24	{22742,3257,9498,45528}	1610340877	45528	880	880
1.22.243.0/24	{22742,3257,9498,45528}	1610768849	45528	881	881
1.22.248.0/24	{22742,3257,6453,4755,45528,45528,45528,45528}	1610340561	45528	882	882
1.22.249.0/24	{22742,3257,9498,45528,45528,45528,45528,45528}	1610640161	45528	883	883
1.22.250.0/24	{22742,3257,9498,45528,45528,45528,45528,45528}	1611107121	45528	884	884
1.22.251.0/24	{22742,3257,6453,4755,45528}	1611239767	45528	885	885
1.22.252.0/23	{22742,3257,9498,45528}	1610340832	45528	886	886
1.22.252.0/24	{22742,3257,9498,45528}	1610340832	45528	887	887
1.22.253.0/24	{22742,3257,6453,4755,45528}	1610949259	45528	888	888
1.22.254.0/24	{22742,3257,9498,45528,45528,45528,45528,45528}	1610340912	45528	889	889
1.22.255.0/24	{22742,3257,9498,45528}	1610946888	45528	890	890
1.23.0.0/24	{22742,3257,6453,4755,45528}	1610340765	45528	891	891
1.23.1.0/24	{22742,3257,9498,45528}	1610381288	45528	892	892
1.23.2.0/24	{22742,3257,6453,4755,45528}	1610340765	45528	893	893
1.23.3.0/24	{22742,3257,9498,45528}	1611229363	45528	894	894
1.23.4.0/24	{22742,3257,6453,4755,45528}	1610340765	45528	895	895
1.23.5.0/24	{22742,3257,9498,45528,45528,45528,45528}	1610813846	45528	896	896
1.23.6.0/24	{22742,3257,9498,45528}	1610340832	45528	897	897
1.23.10.0/23	{22742,3257,6453,4755,45528,45528,45528,45528,45528}	1610340750	45528	898	898
1.23.10.0/24	{22742,3257,6453,4755,45528,45528,45528,45528,45528}	1610340750	45528	899	899
1.23.11.0/24	{22742,3257,6453,4755,45528,45528,45528,45528,45528}	1610340750	45528	900	900
1.23.12.0/24	{22742,3257,9498,45528,45528,45528,45528,45528}	1610340840	45528	901	901
1.23.13.0/24	{22742,3257,6453,4755,45528,45528,45528,45528,45528}	1610340750	45528	902	902
1.23.16.0/21	{22742,3257,9498,45528,45528,45528,45528,45528}	1610340840	45528	903	903
1.23.16.0/22	{22742,3257,9498,45528,45528,45528,45528,45528}	1610340840	45528	904	904
1.23.16.0/24	{22742,3257,9498,45528,45528,45528,45528,45528}	1610340840	45528	905	905
1.23.17.0/24	{22742,3257,6453,4755,45528,45528,45528,45528,45528}	1610340750	45528	906	906
1.23.18.0/24	{22742,3257,9498,45528,45528,45528,45528,45528}	1610340840	45528	907	907
1.23.19.0/24	{22742,3257,9498,45528,45528,45528,45528,45528}	1610340840	45528	908	908
1.23.20.0/22	{22742,3257,9498,45528,45528,45528,45528,45528}	1610340840	45528	909	909
1.23.20.0/24	{22742,3257,9498,45528,45528,45528,45528,45528}	1610340840	45528	910	910
1.23.21.0/24	{22742,3257,6453,4755,45528,45528,45528,45528,45528}	1610340750	45528	911	911
1.23.22.0/24	{22742,3257,9498,45528,45528,45528,45528,45528}	1610340840	45528	912	912
1.23.23.0/24	{22742,3257,6453,4755,45528,45528,45528,45528,45528}	1610340750	45528	913	913
1.23.25.0/24	{22742,3257,9498,45528,45528,45528,45528,45528}	1610340840	45528	914	914
1.23.26.0/24	{22742,3257,9498,45528,45528,45528,45528,45528}	1610340840	45528	915	915
1.23.27.0/24	{22742,3257,9498,45528,45528,45528,45528,45528}	1611107121	45528	916	916
1.23.29.0/24	{22742,3257,6453,4755,45528,45528,45528,45528}	1610340736	45528	917	917
1.23.30.0/24	{22742,3257,6453,4755,45528,45528,45528,45528,45528}	1610712205	45528	918	918
1.23.31.0/24	{22742,3257,9498,45528}	1610340829	45528	919	919
1.23.32.0/24	{22742,3257,9498,45528,45528,45528,45528,45528}	1610340840	45528	920	920
1.23.33.0/24	{22742,3257,9498,45528,45528,45528,45528,45528}	1611107121	45528	921	921
1.23.34.0/24	{22742,3257,9498,9730,45528}	1610340929	45528	922	922
1.23.35.0/24	{22742,3257,6453,4755,45528,45528,45528,45528,45528}	1610340750	45528	923	923
1.23.36.0/24	{22742,3257,9498,45528}	1610383226	45528	924	924
1.23.37.0/24	{22742,3257,6453,4755,45528,45528,45528,45528,45528}	1610340750	45528	925	925
1.23.38.0/24	{22742,3257,9498,45528}	1610340832	45528	926	926
1.23.39.0/24	{22742,3257,9498,45528}	1610340832	45528	927	927
1.23.40.0/24	{22742,3257,9498,45528,45528,45528,45528,45528}	1610640161	45528	928	928
1.23.41.0/24	{22742,3257,6453,4755,45528,45528,45528,45528,45528}	1610340750	45528	929	929
1.23.43.0/24	{22742,3257,9498,45528,45528,45528,45528,45528}	1610640161	45528	930	930
1.23.44.0/24	{22742,3257,6453,4755,45528,45528,45528,45528,45528}	1611107121	45528	931	931
1.23.45.0/24	{22742,3257,6453,4755,45528,45528,45528,45528,45528}	1611107121	45528	932	932
1.23.46.0/24	{22742,3257,6453,4755,45528,45528,45528,45528,45528}	1610340750	45528	933	933
1.23.47.0/24	{22742,3257,6453,4755,45528,45528,45528,45528,45528}	1610340750	45528	934	934
1.23.48.0/24	{22742,3257,6453,4755,45528,45528,45528,45528,45528}	1610340750	45528	935	935
1.23.49.0/24	{22742,3257,6453,4755,45528}	1610725880	45528	936	936
1.23.50.0/24	{22742,3257,9498,45528,45528,45528,45528,45528}	1610340912	45528	937	937
1.23.51.0/24	{22742,3257,9498,45528,45528,45528,45528,45528}	1610640161	45528	938	938
1.23.52.0/24	{22742,3257,9498,45528,45528,45528,45528,45528}	1610640161	45528	939	939
1.23.53.0/24	{22742,3257,6453,4755,45528,45528,45528,45528,45528}	1610340750	45528	940	940
1.23.54.0/24	{22742,3257,9498,45528,45528,45528,45528,45528}	1610640161	45528	941	941
1.23.55.0/24	{22742,3257,9498,45528,45528,45528,45528,45528}	1610640161	45528	942	942
1.23.56.0/24	{22742,3257,6453,4755,45528,45528,45528,45528,45528}	1610378740	45528	943	943
1.23.57.0/24	{22742,3257,6453,4755,45528,45528,45528,45528,45528}	1610340750	45528	944	944
1.23.61.0/24	{22742,3257,9498,45528,45528,45528,45528,45528}	1610640161	45528	945	945
1.23.62.0/24	{22742,3257,6453,4755,45528,45528,45528,45528,45528}	1610340750	45528	946	946
1.23.68.0/24	{22742,3257,9498,9730,45528}	1610340929	45528	947	947
1.23.69.0/24	{22742,3257,6453,4755,45528,45528,45528,45528,45528}	1610340750	45528	948	948
1.23.70.0/24	{22742,3257,9498,45528,45528,45528,45528,45528}	1610340840	45528	949	949
1.23.73.0/24	{22742,3257,9498,45528,45528,45528,45528,45528}	1610340840	45528	950	950
1.23.74.0/23	{22742,3257,9498,45528,45528,45528,45528,45528}	1610340840	45528	951	951
1.23.74.0/24	{22742,3257,9498,45528,45528,45528,45528,45528}	1610340840	45528	952	952
1.23.75.0/24	{22742,3257,9498,45528,45528,45528,45528,45528}	1610340840	45528	953	953
1.23.76.0/23	{22742,3257,9498,45528,45528,45528,45528,45528}	1610340840	45528	954	954
1.23.76.0/24	{22742,3257,9498,45528,45528,45528,45528,45528}	1610340840	45528	955	955
1.23.77.0/24	{22742,3257,9498,45528,45528,45528,45528,45528}	1610340840	45528	956	956
1.23.78.0/24	{22742,3257,6453,4755,45528,45528,45528,45528,45528}	1611107121	45528	957	957
1.23.79.0/24	{22742,3257,9498,45528,45528,45528,45528,45528}	1611107121	45528	958	958
1.23.80.0/24	{22742,3257,9498,45528}	1610340832	45528	959	959
1.23.81.0/24	{22742,3257,6453,4755,45528}	1610875602	45528	960	960
1.23.82.0/24	{22742,3257,9498,45528}	1610340832	45528	961	961
1.23.83.0/24	{22742,3257,9498,45528}	1610875594	45528	962	962
1.23.84.0/24	{22742,3257,9498,45528,45528,45528,45528,45528}	1610340840	45528	963	963
1.23.85.0/24	{22742,3257,9498,45528,45528,45528,45528,45528}	1610340840	45528	964	964
1.23.86.0/24	{22742,3257,6453,4755,45528,45528,45528,45528,45528}	1610340750	45528	965	965
1.23.90.0/23	{22742,3257,6453,4755,45528,45528,45528,45528,45528}	1610340750	45528	966	966
1.23.90.0/24	{22742,3257,6453,4755,45528,45528,45528,45528,45528}	1610340750	45528	967	967
1.23.91.0/24	{22742,3257,6453,4755,45528,45528,45528,45528,45528}	1610340750	45528	968	968
1.23.92.0/24	{22742,3257,9498,45528,45528,45528,45528,45528}	1610340840	45528	969	969
1.23.93.0/24	{22742,3257,6453,4755,45528,45528,45528,45528,45528}	1610340750	45528	970	970
1.23.94.0/23	{22742,3257,6453,4755,45528,45528,45528,45528,45528}	1610340750	45528	971	971
1.23.94.0/24	{22742,3257,6453,4755,45528,45528,45528,45528,45528}	1610340750	45528	972	972
1.23.95.0/24	{22742,3257,6453,4755,45528,45528,45528,45528,45528}	1610340750	45528	973	973
1.23.97.0/24	{22742,3257,9498,45528,45528,45528,45528,45528}	1610640161	45528	974	974
1.23.98.0/24	{22742,3257,9498,45528,45528,45528,45528,45528}	1610640161	45528	975	975
1.23.99.0/24	{22742,3257,6453,4755,45528,45528,45528,45528,45528}	1610340750	45528	976	976
1.23.104.0/22	{22742,3257,9498,45528,45528,45528,45528,45528}	1610640161	45528	977	977
1.23.104.0/24	{22742,3257,9498,45528,45528,45528,45528,45528}	1610640161	45528	978	978
1.23.105.0/24	{22742,3257,9498,45528,45528,45528,45528,45528}	1610640161	45528	979	979
1.23.106.0/24	{22742,3257,6453,4755,45528,45528,45528,45528,45528}	1610378740	45528	980	980
1.23.107.0/24	{22742,3257,9498,45528,45528,45528,45528,45528}	1610640161	45528	981	981
1.23.108.0/22	{22742,3257,6453,4755,45528,45528,45528,45528,45528}	1610378740	45528	982	982
1.23.108.0/24	{22742,3257,6453,4755,45528,45528,45528,45528,45528}	1611332436	45528	983	983
1.23.109.0/24	{22742,3257,9498,45528,45528,45528,45528,45528}	1610640161	45528	984	984
1.23.110.0/24	{22742,3257,9498,45528,45528,45528,45528,45528}	1610640161	45528	985	985
1.23.111.0/24	{22742,3257,6453,4755,45528,45528,45528,45528,45528}	1610340750	45528	986	986
1.23.119.0/24	{22742,3257,9498,45528,45528,45528,45528,45528}	1610640161	45528	987	987
1.23.121.0/24	{22742,3257,9498,45528}	1610340832	45528	988	988
1.23.122.0/24	{22742,3257,9498,45528}	1610340832	45528	989	989
1.23.123.0/24	{22742,3257,6453,4755,45528,45528,45528,45528}	1610340736	45528	990	990
1.23.124.0/24	{22742,3257,9498,45528,45528,45528,45528,45528}	1610537567	45528	991	991
1.23.125.0/24	{22742,3257,6453,4755,45528,45528,45528,45528,45528}	1610340750	45528	992	992
1.23.126.0/24	{22742,3257,6453,4755,45528,45528,45528,45528}	1610340736	45528	993	993
1.23.127.0/24	{22742,3257,9498,45528,45528,45528,45528,45528}	1610340840	45528	994	994
1.23.128.0/24	{22742,3257,9498,45528,45528,45528,45528}	1610340929	45528	995	995
1.23.130.0/24	{22742,3257,6453,4755,45528}	1611312225	45528	996	996
1.23.132.0/24	{22742,3257,9498,45528,45528,45528,45528,45528}	1610340840	45528	997	997
1.23.140.0/24	{22742,3257,6453,4755,45528,45528,45528,45528,45528}	1610340750	45528	998	998
1.23.142.0/24	{22742,3257,9498,45528,45528,45528,45528,45528}	1610340912	45528	999	999
